,col1
0,0
1,2
2,3
3,5
4,8
5,9
6,11
7,13
8,17
9,19
10,23
11,24
12,28
13,29
14,34
15,36
16,43
17,45
18,46
19,51
20,53
21,60
22,65
23,66
24,73
25,81
26,85
27,86
28,91
29,92
30,94
31,97
32,98
33,99
34,100
35,102
36,105
37,107
38,117
39,121
40,123
41,137
42,143
43,144
44,146
45,149
46,151
47,155
48,156
49,157
50,160
51,163
52,166
53,173
54,177
55,186
56,195
57,196
58,197
59,199
60,205
61,209
62,210
63,214
64,221
65,224
66,229
67,230
68,231
69,232
70,234
71,235
72,236
73,237
74,241
75,245
76,247
77,257
78,265
79,268
80,269
81,274
82,275
83,277
84,281
85,283
86,285
87,290
88,291
89,294
90,295
91,297
92,300
93,303
94,306
95,308
96,311
97,315
98,324
99,326
100,327
101,330
102,333
103,336
104,338
105,339
106,343
107,345
108,349
109,350
110,357
111,358
112,365
113,371
114,376
115,380
116,383
117,388
118,395
119,398
120,401
121,404
122,411
123,415
124,416
125,419
126,422
127,424
128,425
129,428
130,432
131,436
132,448
133,449
134,450
135,456
136,457
137,463
138,468
139,470
140,472
141,476
142,480
143,481
144,486
145,487
146,493
147,494
148,495
149,497
150,499
151,503
152,506
153,507
154,511
155,515
156,516
157,519
158,523
159,524
160,530
161,531
162,533
163,534
164,540
165,544
166,551
167,554
168,561
169,563
170,570
171,571
172,579
173,581
174,582
175,583
176,585
177,586
178,590
179,592
180,597
181,598
182,610
183,614
184,615
185,617
186,621
187,622
188,624
189,627
190,630
191,632
192,635
193,636
194,639
195,640
196,646
197,649
198,655
199,656
200,661
201,664
202,669
203,670
204,675
205,678
206,683
207,685
208,696
209,697
210,700
211,702
212,707
213,714
214,717
215,720
216,721
217,723
218,725
219,730
220,736
221,737
222,738
223,741
224,747
225,749
226,751
227,752
228,753
229,756
230,760
231,772
232,773
233,786
234,791
235,797
236,798
237,810
238,813
239,814
240,819
241,828
242,836
243,838
244,844
245,847
246,850
247,853
248,854
249,858
250,859
251,861
252,864
253,867
254,868
255,876
256,877
257,880
258,888
259,889
260,894
261,899
262,902
263,907
264,924
265,927
266,929
267,935
268,939
269,940
270,941
271,947
272,954
273,957
274,958
275,962
276,965
277,966
278,967
279,973
280,974
281,980
282,982
283,989
284,992
285,993
286,996
287,1002
288,1003
289,1008
290,1010
291,1011
292,1012
293,1014
294,1016
295,1019
296,1025
297,1033
298,1034
299,1041
300,1047
301,1049
302,1056
303,1058
304,1059
305,1060
306,1061
307,1065
308,1066
309,1067
310,1068
311,1074
312,1078
313,1082
314,1085
315,1088
316,1090
317,1097
318,1098
319,1099
320,1105
321,1107
322,1108
323,1110
324,1112
325,1117
326,1119
327,1120
328,1121
329,1127
330,1129
331,1130
332,1138
333,1139
334,1140
335,1144
336,1145
337,1152
338,1154
339,1155
340,1157
341,1158
342,1159
343,1160
344,1167
345,1175
346,1176
347,1177
348,1181
349,1184
350,1189
351,1191
352,1194
353,1198
354,1204
355,1205
356,1206
357,1211
358,1213
359,1219
360,1221
361,1223
362,1225
363,1231
364,1236
365,1238
366,1239
367,1244
368,1245
369,1248
370,1250
371,1255
372,1260
373,1261
374,1263
375,1265
376,1274
377,1277
378,1281
379,1285
380,1286
381,1289
382,1292
383,1293
384,1294
385,1295
386,1298
387,1299
388,1300
389,1301
390,1309
391,1311
392,1315
393,1317
394,1321
395,1326
396,1330
397,1332
398,1333
399,1345
400,1350
401,1353
402,1358
403,1362
404,1367
405,1376
406,1377
407,1385
408,1386
409,1391
410,1394
411,1396
412,1403
413,1405
414,1412
415,1415
416,1424
417,1425
418,1426
419,1428
420,1429
421,1433
422,1436
423,1440
424,1442
425,1446
426,1454
427,1456
428,1457
429,1458
430,1460
431,1461
432,1465
433,1467
434,1471
435,1472
436,1474
437,1475
438,1480
439,1483
440,1485
441,1493
442,1504
443,1508
444,1511
445,1513
446,1515
447,1521
448,1525
449,1528
450,1529
451,1530
452,1535
453,1537
454,1543
455,1545
456,1546
457,1555
458,1556
459,1559
460,1562
461,1563
462,1564
463,1576
464,1577
465,1579
466,1584
467,1591
468,1595
469,1606
470,1608
471,1609
472,1612
473,1615
474,1616
475,1617
476,1618
477,1620
478,1621
479,1626
480,1633
481,1635
482,1638
483,1639
484,1641
485,1646
486,1650
487,1654
488,1656
489,1664
490,1666
491,1669
492,1673
493,1674
494,1681
495,1687
496,1692
497,1693
498,1697
499,1698
500,1699
501,1700
502,1702
503,1708
504,1716
505,1718
506,1724
507,1729
508,1731
509,1732
510,1733
511,1746
512,1749
513,1754
514,1755
515,1760
516,1766
517,1772
518,1774
519,1778
520,1780
521,1791
522,1801
523,1805
524,1807
525,1813
526,1816
527,1819
528,1822
529,1824
530,1825
531,1827
532,1830
533,1839
534,1841
535,1847
536,1860
537,1863
538,1883
539,1886
540,1887
541,1888
542,1893
543,1898
544,1901
545,1903
546,1905
547,1906
548,1907
549,1908
550,1911
551,1913
552,1920
553,1927
554,1934
555,1935
556,1942
557,1945
558,1946
559,1952
560,1953
561,1954
562,1955
563,1957
564,1960
565,1969
566,1973
567,1981
568,1987
569,1992
570,1994
571,1998
572,2000
573,2008
574,2010
575,2013
576,2016
577,2018
578,2019
579,2020
580,2022
581,2023
582,2024
583,2025
584,2028
585,2031
586,2035
587,2038
588,2041
589,2045
590,2046
591,2051
592,2052
593,2054
594,2057
595,2062
596,2066
597,2067
598,2074
599,2078
600,2084
601,2085
602,2090
603,2092
604,2096
605,2099
606,2100
607,2102
608,2103
609,2105
610,2107
611,2108
612,2110
613,2113
614,2114
615,2119
616,2124
617,2126
618,2129
619,2130
620,2135
621,2138
622,2140
623,2142
624,2146
625,2148
626,2152
627,2156
628,2162
629,2166
630,2167
631,2169
632,2170
633,2173
634,2178
635,2179
636,2183
637,2199
638,2205
639,2206
640,2208
641,2210
642,2213
643,2214
644,2217
645,2219
646,2221
647,2226
648,2229
649,2231
650,2237
651,2240
652,2253
653,2257
654,2258
655,2259
656,2261
657,2264
658,2266
659,2269
660,2273
661,2274
662,2276
663,2290
664,2291
665,2292
666,2295
667,2299
668,2301
669,2304
670,2312
671,2313
672,2323
673,2325
674,2327
675,2329
676,2331
677,2332
678,2333
679,2335
680,2338
681,2339
682,2340
683,2344
684,2347
685,2349
686,2351
687,2352
688,2353
689,2354
690,2355
691,2356
692,2358
693,2364
694,2369
695,2372
696,2374
697,2382
698,2386
699,2387
700,2392
701,2397
702,2400
703,2406
704,2410
705,2411
706,2412
707,2418
708,2420
709,2423
710,2427
711,2428
712,2430
713,2432
714,2433
715,2434
716,2435
717,2443
718,2454
719,2455
720,2460
721,2461
722,2463
723,2465
724,2470
725,2472
726,2475
727,2478
728,2480
729,2484
730,2487
731,2488
732,2501
733,2505
734,2506
735,2508
736,2511
737,2513
738,2514
739,2515
740,2517
741,2520
742,2524
743,2526
744,2529
745,2531
746,2533
747,2534
748,2535
749,2541
750,2542
751,2548
752,2550
753,2557
754,2558
755,2559
756,2564
757,2565
758,2566
759,2568
760,2572
761,2573
762,2579
763,2581
764,2585
765,2596
766,2599
767,2600
768,2613
769,2621
770,2622
771,2624
772,2625
773,2636
774,2642
775,2647
776,2649
777,2651
778,2656
779,2660
780,2665
781,2667
782,2669
783,2674
784,2677
785,2678
786,2679
787,2682
788,2683
789,2687
790,2689
791,2694
792,2695
793,2699
794,2701
795,2702
796,2705
797,2709
798,2711
799,2713
800,2719
801,2720
802,2722
803,2723
804,2725
805,2730
806,2731
807,2733
808,2736
809,2737
810,2740
811,2744
812,2746
813,2749
814,2757
815,2758
816,2760
817,2763
818,2776
819,2782
820,2783
821,2784
822,2790
823,2794
824,2796
825,2802
826,2803
827,2805
828,2811
829,2816
830,2821
831,2827
832,2828
833,2830
834,2831
835,2834
836,2837
837,2838
838,2839
839,2840
840,2841
841,2842
842,2846
843,2848
844,2854
845,2859
846,2862
847,2864
848,2867
849,2870
850,2873
851,2875
852,2878
853,2879
854,2880
855,2892
856,2894
857,2895
858,2897
859,2903
860,2908
861,2909
862,2916
863,2921
864,2924
865,2926
866,2929
867,2936
868,2937
869,2941
870,2948
871,2950
872,2951
873,2953
874,2955
875,2956
876,2959
877,2965
878,2966
879,2968
880,2971
881,2974
882,2996
883,3001
884,3002
885,3004
886,3006
887,3009
888,3011
889,3012
890,3014
891,3015
892,3016
893,3020
894,3026
895,3030
896,3032
897,3035
898,3036
899,3038
900,3039
901,3042
902,3043
903,3046
904,3047
905,3048
906,3049
907,3054
908,3055
909,3059
910,3065
911,3066
912,3067
913,3068
914,3070
915,3071
916,3072
917,3075
918,3084
919,3086
920,3090
921,3091
922,3101
923,3110
924,3113
925,3117
926,3120
927,3121
928,3122
929,3124
930,3128
931,3130
932,3131
933,3136
934,3138
935,3142
936,3147
937,3149
938,3153
939,3158
940,3159
941,3163
942,3171
943,3175
944,3179
945,3180
946,3186
947,3188
948,3190
949,3192
950,3194
951,3198
952,3200
953,3201
954,3204
955,3214
956,3216
957,3219
958,3222
959,3223
960,3228
961,3229
962,3230
963,3238
964,3245
965,3246
966,3249
967,3253
968,3260
969,3264
970,3271
971,3273
972,3277
973,3278
974,3282
975,3284
976,3287
977,3288
978,3291
979,3293
980,3297
981,3299
982,3300
983,3303
984,3304
985,3305
986,3311
987,3312
988,3314
989,3316
990,3317
991,3319
992,3321
993,3324
994,3332
995,3333
996,3337
997,3343
998,3346
999,3350
1000,3353
1001,3357
1002,3359
1003,3360
1004,3361
1005,3362
1006,3366
1007,3369
1008,3378
1009,3386
1010,3387
1011,3389
1012,3390
1013,3393
1014,3395
1015,3404
1016,3405
1017,3409
1018,3410
1019,3411
1020,3412
1021,3415
1022,3419
1023,3421
1024,3426
1025,3427
1026,3429
1027,3431
1028,3435
1029,3440
1030,3442
1031,3444
1032,3448
1033,3450
1034,3452
1035,3458
1036,3461
1037,3464
1038,3467
1039,3468
1040,3469
1041,3471
1042,3474
1043,3477
1044,3479
1045,3481
1046,3482
1047,3485
1048,3488
1049,3489
1050,3490
1051,3491
1052,3493
1053,3495
1054,3496
1055,3498
1056,3501
1057,3503
1058,3513
1059,3515
1060,3516
1061,3519
1062,3520
1063,3521
1064,3523
1065,3527
1066,3528
1067,3531
1068,3534
1069,3536
1070,3542
1071,3548
1072,3554
1073,3560
1074,3563
1075,3564
1076,3566
1077,3568
1078,3572
1079,3576
1080,3580
1081,3584
1082,3586
1083,3587
1084,3589
1085,3595
1086,3597
1087,3600
1088,3601
1089,3605
1090,3606
1091,3609
1092,3612
1093,3616
1094,3619
1095,3620
1096,3622
1097,3623
1098,3625
1099,3627
1100,3629
1101,3630
1102,3631
1103,3634
1104,3636
1105,3639
1106,3641
1107,3647
1108,3650
1109,3652
1110,3653
1111,3658
1112,3663
1113,3667
1114,3671
1115,3672
1116,3673
1117,3674
1118,3675
1119,3678
1120,3679
1121,3681
1122,3683
1123,3686
1124,3689
1125,3690
1126,3691
1127,3694
1128,3697
1129,3703
1130,3705
1131,3706
1132,3711
1133,3713
1134,3716
1135,3717
1136,3719
1137,3721
1138,3723
1139,3737
1140,3744
1141,3746
1142,3747
1143,3750
1144,3759
1145,3760
1146,3762
1147,3763
1148,3765
1149,3766
1150,3769
1151,3772
1152,3773
1153,3774
1154,3776
1155,3777
1156,3779
1157,3781
1158,3783
1159,3785
1160,3787
1161,3791
1162,3796
1163,3799
1164,3802
1165,3806
1166,3812
1167,3815
1168,3817
1169,3820
1170,3822
1171,3823
1172,3824
1173,3826
1174,3831
1175,3834
1176,3835
1177,3841
1178,3844
1179,3848
1180,3851
1181,3858
1182,3859
1183,3860
1184,3861
1185,3862
1186,3872
1187,3878
1188,3880
1189,3886
1190,3890
1191,3892
1192,3893
1193,3897
1194,3898
1195,3902
1196,3908
1197,3926
1198,3927
1199,3934
1200,3937
1201,3941
1202,3944
1203,3949
1204,3953
1205,3954
1206,3958
1207,3960
1208,3963
1209,3965
1210,3966
1211,3970
1212,3971
1213,3974
1214,3975
1215,3976
1216,3980
1217,3981
1218,3985
1219,3989
1220,3991
1221,3998
1222,3999
1223,4006
1224,4008
1225,4017
1226,4027
1227,4029
1228,4038
1229,4041
1230,4047
1231,4049
1232,4052
1233,4053
1234,4060
1235,4066
1236,4069
1237,4072
1238,4077
1239,4079
1240,4081
1241,4085
1242,4092
1243,4093
1244,4103
1245,4104
1246,4108
1247,4109
1248,4111
1249,4112
1250,4113
1251,4114
1252,4115
1253,4117
1254,4124
1255,4140
1256,4141
1257,4145
1258,4147
1259,4150
1260,4161
1261,4165
1262,4166
1263,4167
1264,4172
1265,4175
1266,4177
1267,4178
1268,4186
1269,4191
1270,4197
1271,4202
1272,4203
1273,4205
1274,4209
1275,4212
1276,4213
1277,4215
1278,4218
1279,4221
1280,4222
1281,4223
1282,4230
1283,4232
1284,4237
1285,4245
1286,4248
1287,4249
1288,4251
1289,4252
1290,4254
1291,4257
1292,4261
1293,4262
1294,4266
1295,4267
1296,4270
1297,4277
1298,4280
1299,4281
1300,4282
1301,4288
1302,4291
1303,4292
1304,4294
1305,4301
1306,4304
1307,4306
1308,4310
1309,4313
1310,4319
1311,4322
1312,4336
1313,4338
1314,4343
1315,4346
1316,4347
1317,4351
1318,4354
1319,4360
1320,4376
1321,4380
1322,4381
1323,4385
1324,4389
1325,4392
1326,4395
1327,4404
1328,4405
1329,4408
1330,4413
1331,4414
1332,4416
1333,4422
1334,4425
1335,4430
1336,4433
1337,4435
1338,4442
1339,4443
1340,4446
1341,4450
1342,4451
1343,4456
1344,4461
1345,4465
1346,4477
1347,4479
1348,4481
1349,4496
1350,4498
1351,4499
1352,4505
1353,4510
1354,4514
1355,4516
1356,4523
1357,4536
1358,4547
1359,4549
1360,4554
1361,4555
1362,4557
1363,4559
1364,4560
1365,4563
1366,4565
1367,4566
1368,4571
1369,4574
1370,4579
1371,4580
1372,4581
1373,4583
1374,4589
1375,4590
1376,4596
1377,4597
1378,4600
1379,4607
1380,4618
1381,4622
1382,4627
1383,4639
1384,4645
1385,4647
1386,4653
1387,4654
1388,4655
1389,4657
1390,4660
1391,4661
1392,4665
1393,4671
1394,4673
1395,4675
1396,4676
1397,4678
1398,4687
1399,4688
1400,4691
1401,4693
1402,4695
1403,4696
1404,4697
1405,4707
1406,4708
1407,4710
1408,4712
1409,4722
1410,4725
1411,4734
1412,4739
1413,4741
1414,4743
1415,4747
1416,4750
1417,4753
1418,4756
1419,4757
1420,4760
1421,4764
1422,4765
1423,4769
1424,4770
1425,4771
1426,4774
1427,4781
1428,4799
1429,4803
1430,4804
1431,4806
1432,4807
1433,4812
1434,4821
1435,4822
1436,4823
1437,4825
1438,4826
1439,4846
1440,4848
1441,4853
1442,4859
1443,4861
1444,4864
1445,4866
1446,4868
1447,4871
1448,4878
1449,4881
1450,4888
1451,4889
1452,4891
1453,4893
1454,4895
1455,4897
1456,4898
1457,4900
1458,4911
1459,4914
1460,4916
1461,4920
1462,4929
1463,4937
1464,4940
1465,4942
1466,4943
1467,4950
1468,4952
1469,4953
1470,4955
1471,4960
1472,4962
1473,4965
1474,4970
1475,4974
1476,4977
1477,4978
1478,4981
1479,4983
1480,4986
1481,4991
1482,5001
1483,5006
1484,5008
1485,5010
1486,5015
1487,5024
1488,5028
1489,5033
1490,5034
1491,5035
1492,5036
1493,5041
1494,5045
1495,5048
1496,5051
1497,5052
1498,5056
1499,5057
1500,5058
1501,5059
1502,5060
1503,5062
1504,5063
1505,5064
1506,5065
1507,5073
1508,5076
1509,5084
1510,5094
1511,5096
1512,5099
1513,5103
1514,5109
1515,5110
1516,5111
1517,5112
1518,5116
1519,5120
1520,5125
1521,5127
1522,5129
1523,5130
1524,5135
1525,5136
1526,5137
1527,5138
1528,5142
1529,5143
1530,5144
1531,5146
1532,5147
1533,5149
1534,5157
1535,5158
1536,5160
1537,5165
1538,5168
1539,5171
1540,5176
1541,5181
1542,5182
1543,5186
1544,5188
1545,5190
1546,5192
1547,5197
1548,5202
1549,5205
1550,5212
1551,5214
1552,5218
1553,5220
1554,5221
1555,5224
1556,5225
1557,5233
1558,5236
1559,5237
1560,5238
1561,5240
1562,5241
1563,5243
1564,5245
1565,5246
1566,5248
1567,5251
1568,5255
1569,5257
1570,5258
1571,5262
1572,5268
1573,5273
1574,5274
1575,5281
1576,5284
1577,5285
1578,5287
1579,5294
1580,5299
1581,5300
1582,5301
1583,5304
1584,5306
1585,5311
1586,5313
1587,5318
1588,5319
1589,5322
1590,5330
1591,5334
1592,5338
1593,5339
1594,5340
1595,5351
1596,5355
1597,5356
1598,5359
1599,5363
1600,5370
1601,5372
1602,5376
1603,5378
1604,5385
1605,5386
1606,5388
1607,5389
1608,5398
1609,5404
1610,5409
1611,5410
1612,5415
1613,5416
1614,5420
1615,5421
1616,5425
1617,5433
1618,5434
1619,5436
1620,5439
1621,5441
1622,5444
1623,5446
1624,5447
1625,5448
1626,5449
1627,5451
1628,5459
1629,5461
1630,5463
1631,5469
1632,5470
1633,5472
1634,5477
1635,5478
1636,5479
1637,5480
1638,5486
1639,5488
1640,5490
1641,5492
1642,5508
1643,5515
1644,5517
1645,5524
1646,5530
1647,5534
1648,5536
1649,5542
1650,5544
1651,5548
1652,5553
1653,5554
1654,5557
1655,5558
1656,5561
1657,5567
1658,5575
1659,5577
1660,5579
1661,5583
1662,5586
1663,5588
1664,5589
1665,5591
1666,5594
1667,5598
1668,5608
1669,5609
1670,5610
1671,5612
1672,5613
1673,5618
1674,5620
1675,5621
1676,5625
1677,5626
1678,5631
1679,5635
1680,5637
1681,5640
1682,5644
1683,5647
1684,5649
1685,5655
1686,5660
1687,5662
1688,5664
1689,5669
1690,5672
1691,5677
1692,5679
1693,5687
1694,5689
1695,5690
1696,5693
1697,5698
1698,5701
1699,5702
1700,5704
1701,5708
1702,5715
1703,5717
1704,5718
1705,5719
1706,5720
1707,5721
1708,5724
1709,5728
1710,5730
1711,5737
1712,5740
1713,5747
1714,5748
1715,5749
1716,5751
1717,5752
1718,5753
1719,5764
1720,5767
1721,5771
1722,5774
1723,5778
1724,5780
1725,5782
1726,5783
1727,5786
1728,5789
1729,5802
1730,5803
1731,5804
1732,5805
1733,5807
1734,5814
1735,5816
1736,5818
1737,5819
1738,5825
1739,5827
1740,5828
1741,5829
1742,5830
1743,5831
1744,5833
1745,5834
1746,5835
1747,5838
1748,5839
1749,5844
1750,5847
1751,5860
1752,5862
1753,5865
1754,5866
1755,5870
1756,5871
1757,5872
1758,5874
1759,5875
1760,5888
1761,5891
1762,5892
1763,5893
1764,5899
1765,5901
1766,5902
1767,5907
1768,5914
1769,5918
1770,5925
1771,5930
1772,5933
1773,5935
1774,5937
1775,5938
1776,5941
1777,5944
1778,5945
1779,5950
1780,5953
1781,5956
1782,5959
1783,5962
1784,5963
1785,5969
1786,5970
1787,5971
1788,5972
1789,5973
1790,5974
1791,5980
1792,5984
1793,5985
1794,5992
1795,5993
1796,5999
1797,6003
1798,6004
1799,6015
1800,6018
1801,6019
1802,6023
1803,6027
1804,6028
1805,6033
1806,6034
1807,6036
1808,6040
1809,6045
1810,6047
1811,6049
1812,6052
1813,6054
1814,6058
1815,6060
1816,6061
1817,6066
1818,6069
1819,6071
1820,6073
1821,6075
1822,6080
1823,6082
1824,6084
1825,6085
1826,6086
1827,6087
1828,6090
1829,6091
1830,6097
1831,6099
1832,6106
1833,6110
1834,6112
1835,6114
1836,6116
1837,6117
1838,6120
1839,6121
1840,6123
1841,6130
1842,6133
1843,6136
1844,6137
1845,6138
1846,6140
1847,6141
1848,6142
1849,6146
1850,6147
1851,6148
1852,6149
1853,6150
1854,6152
1855,6154
1856,6155
1857,6157
1858,6158
1859,6159
1860,6168
1861,6171
1862,6175
1863,6182
1864,6183
1865,6187
1866,6188
1867,6189
1868,6194
1869,6204
1870,6206
1871,6208
1872,6211
1873,6216
1874,6217
1875,6219
1876,6222
1877,6223
1878,6226
1879,6227
1880,6228
1881,6229
1882,6232
1883,6233
1884,6234
1885,6237
1886,6239
1887,6243
1888,6250
1889,6254
1890,6255
1891,6259
1892,6261
1893,6262
1894,6267
1895,6268
1896,6272
1897,6276
1898,6277
1899,6278
1900,6279
1901,6280
1902,6285
1903,6288
1904,6289
1905,6291
1906,6294
1907,6295
1908,6299
1909,6301
1910,6304
1911,6309
1912,6313
1913,6317
1914,6319
1915,6320
1916,6321
1917,6324
1918,6325
1919,6327
1920,6328
1921,6329
1922,6330
1923,6332
1924,6334
1925,6338
1926,6346
1927,6353
1928,6356
1929,6363
1930,6365
1931,6367
1932,6370
1933,6372
1934,6375
1935,6376
1936,6377
1937,6378
1938,6380
1939,6381
1940,6389
1941,6390
1942,6396
1943,6398
1944,6399
1945,6400
1946,6403
1947,6407
1948,6409
1949,6411
1950,6415
1951,6420
1952,6427
1953,6428
1954,6431
1955,6435
1956,6440
1957,6441
1958,6444
1959,6445
1960,6446
1961,6451
1962,6459
1963,6460
1964,6463
1965,6464
1966,6465
1967,6466
1968,6467
1969,6471
1970,6472
1971,6473
1972,6474
1973,6475
1974,6476
1975,6477
1976,6482
1977,6483
1978,6487
1979,6494
1980,6497
1981,6498
1982,6500
1983,6504
1984,6507
1985,6512
1986,6515
1987,6523
1988,6525
1989,6527
1990,6529
1991,6536
1992,6544
1993,6545
1994,6547
1995,6550
1996,6552
1997,6553
1998,6554
1999,6555
2000,6557
2001,6561
2002,6563
2003,6568
2004,6570
2005,6571
2006,6573
2007,6575
2008,6577
2009,6587
2010,6588
2011,6593
2012,6594
2013,6595
2014,6596
2015,6601
2016,6611
2017,6619
2018,6622
2019,6623
2020,6629
2021,6635
2022,6640
2023,6643
2024,6646
2025,6647
2026,6649
2027,6655
2028,6662
2029,6664
2030,6666
2031,6667
2032,6672
2033,6676
2034,6678
2035,6680
2036,6684
2037,6687
2038,6689
2039,6691
2040,6694
2041,6696
2042,6697
2043,6700
2044,6701
2045,6703
2046,6720
2047,6725
2048,6727
2049,6735
2050,6736
2051,6743
2052,6748
2053,6749
2054,6752
2055,6756
2056,6758
2057,6759
2058,6767
2059,6777
2060,6778
2061,6782
2062,6783
2063,6785
2064,6791
2065,6794
2066,6796
2067,6799
2068,6801
2069,6810
2070,6812
2071,6816
2072,6823
2073,6825
2074,6829
2075,6830
2076,6833
2077,6834
2078,6835
2079,6837
2080,6839
2081,6842
2082,6843
2083,6845
2084,6846
2085,6852
2086,6853
2087,6855
2088,6857
2089,6859
2090,6861
2091,6866
2092,6867
2093,6875
2094,6876
2095,6885
2096,6893
2097,6896
2098,6900
2099,6901
2100,6902
2101,6904
2102,6906
2103,6909
2104,6915
2105,6916
2106,6918
2107,6926
2108,6927
2109,6929
2110,6930
2111,6932
2112,6933
2113,6938
2114,6941
2115,6943
2116,6944
2117,6948
2118,6954
2119,6967
2120,6968
2121,6971
2122,6973
2123,6975
2124,6985
2125,6987
2126,6989
2127,6994
2128,7000
2129,7007
2130,7010
2131,7011
2132,7014
2133,7018
2134,7022
2135,7033
2136,7038
2137,7042
2138,7047
2139,7050
2140,7051
2141,7053
2142,7055
2143,7056
2144,7057
2145,7058
2146,7066
2147,7067
2148,7070
2149,7072
2150,7073
2151,7074
2152,7077
2153,7079
2154,7083
2155,7086
2156,7087
2157,7089
2158,7091
2159,7093
2160,7095
2161,7096
2162,7099
2163,7103
2164,7104
2165,7110
2166,7112
2167,7114
2168,7123
2169,7131
2170,7132
2171,7133
2172,7141
2173,7143
2174,7146
2175,7148
2176,7149
2177,7153
2178,7156
2179,7158
2180,7160
2181,7161
2182,7168
2183,7169
2184,7170
2185,7175
2186,7179
2187,7181
2188,7185
2189,7186
2190,7192
2191,7193
2192,7204
2193,7206
2194,7213
2195,7214
2196,7216
2197,7221
2198,7225
2199,7226
2200,7232
2201,7233
2202,7237
2203,7239
2204,7242
2205,7243
2206,7248
2207,7250
2208,7252
2209,7253
2210,7255
2211,7256
2212,7257
2213,7265
2214,7267
2215,7270
2216,7272
2217,7274
2218,7276
2219,7278
2220,7281
2221,7289
2222,7293
2223,7295
2224,7297
2225,7301
2226,7304
2227,7311
2228,7312
2229,7313
2230,7321
2231,7322
2232,7324
2233,7327
2234,7330
2235,7338
2236,7343
2237,7344
2238,7345
2239,7350
2240,7357
2241,7358
2242,7359
2243,7360
2244,7362
2245,7367
2246,7368
2247,7369
2248,7373
2249,7375
2250,7376
2251,7383
2252,7384
2253,7388
2254,7393
2255,7396
2256,7400
2257,7406
2258,7408
2259,7411
2260,7419
2261,7423
2262,7424
2263,7425
2264,7427
2265,7429
2266,7432
2267,7433
2268,7441
2269,7443
2270,7447
2271,7448
2272,7450
2273,7451
2274,7453
2275,7454
2276,7456
2277,7458
2278,7459
2279,7463
2280,7467
2281,7472
2282,7473
2283,7475
2284,7481
2285,7482
2286,7492
2287,7494
2288,7495
2289,7500
2290,7507
2291,7509
2292,7510
2293,7511
2294,7512
2295,7514
2296,7516
2297,7518
2298,7521
2299,7529
2300,7530
2301,7532
2302,7533
2303,7538
2304,7545
2305,7547
2306,7550
2307,7553
2308,7556
2309,7557
2310,7558
2311,7564
2312,7565
2313,7567
2314,7574
2315,7577
2316,7579
2317,7580
2318,7583
2319,7585
2320,7588
2321,7598
2322,7600
2323,7603
2324,7604
2325,7607
2326,7620
2327,7625
2328,7628
2329,7631
2330,7633
2331,7637
2332,7639
2333,7645
2334,7647
2335,7650
2336,7651
2337,7657
2338,7659
2339,7661
2340,7665
2341,7668
2342,7672
2343,7673
2344,7677
2345,7680
2346,7688
2347,7689
2348,7690
2349,7693
2350,7695
2351,7701
2352,7713
2353,7714
2354,7715
2355,7717
2356,7720
2357,7724
2358,7725
2359,7728
2360,7729
2361,7734
2362,7737
2363,7745
2364,7746
2365,7747
2366,7753
2367,7756
2368,7769
2369,7772
2370,7774
2371,7780
2372,7782
2373,7783
2374,7789
2375,7795
2376,7799
2377,7804
2378,7816
2379,7822
2380,7828
2381,7829
2382,7830
2383,7835
2384,7837
2385,7842
2386,7843
2387,7849
2388,7852
2389,7853
2390,7854
2391,7859
2392,7860
2393,7863
2394,7865
2395,7870
2396,7875
2397,7876
2398,7877
2399,7878
2400,7880
2401,7885
2402,7886
2403,7887
2404,7893
2405,7898
2406,7902
2407,7904
2408,7906
2409,7908
2410,7910
2411,7914
2412,7916
2413,7922
2414,7923
2415,7924
2416,7929
2417,7930
2418,7938
2419,7939
2420,7943
2421,7944
2422,7945
2423,7947
2424,7953
2425,7957
2426,7958
2427,7963
2428,7968
2429,7970
2430,7971
2431,7975
2432,7980
2433,7983
2434,7984
2435,7988
2436,7989
2437,7996
2438,7997
2439,8000
2440,8004
2441,8005
2442,8007
2443,8020
2444,8024
2445,8026
2446,8027
2447,8035
2448,8037
2449,8038
2450,8039
2451,8040
2452,8041
2453,8046
2454,8047
2455,8050
2456,8053
2457,8054
2458,8055
2459,8058
2460,8066
2461,8069
2462,8071
2463,8072
2464,8088
2465,8098
2466,8103
2467,8114
2468,8115
2469,8118
2470,8120
2471,8123
2472,8124
2473,8127
2474,8128
2475,8131
2476,8134
2477,8138
2478,8140
2479,8141
2480,8145
2481,8151
2482,8152
2483,8156
2484,8160
2485,8161
2486,8162
2487,8163
2488,8166
2489,8169
2490,8170
2491,8177
2492,8181
2493,8183
2494,8190
2495,8191
2496,8197
2497,8199
2498,8200
2499,8201
2500,8203
2501,8204
2502,8211
2503,8212
2504,8216
2505,8219
2506,8222
2507,8225
2508,8226
2509,8230
2510,8233
2511,8235
2512,8244
2513,8246
2514,8247
2515,8249
2516,8252
2517,8255
2518,8256
2519,8258
2520,8263
2521,8265
2522,8268
2523,8272
2524,8275
2525,8278
2526,8282
2527,8294
2528,8298
2529,8302
2530,8306
2531,8310
2532,8311
2533,8313
2534,8316
2535,8317
2536,8319
2537,8322
2538,8323
2539,8331
2540,8334
2541,8335
2542,8337
2543,8342
2544,8343
2545,8344
2546,8346
2547,8348
2548,8354
2549,8359
2550,8361
2551,8362
2552,8364
2553,8369
2554,8373
2555,8376
2556,8377
2557,8386
2558,8387
2559,8390
2560,8403
2561,8407
2562,8414
2563,8424
2564,8425
2565,8427
2566,8428
2567,8431
2568,8432
2569,8435
2570,8436
2571,8438
2572,8440
2573,8442
2574,8446
2575,8447
2576,8451
2577,8452
2578,8454
2579,8455
2580,8458
2581,8459
2582,8462
2583,8463
2584,8466
2585,8470
2586,8474
2587,8476
2588,8481
2589,8484
2590,8490
2591,8491
2592,8492
2593,8493
2594,8496
2595,8501
2596,8504
2597,8505
2598,8506
2599,8511
2600,8514
2601,8520
2602,8522
2603,8524
2604,8532
2605,8533
2606,8534
2607,8540
2608,8541
2609,8542
2610,8543
2611,8544
2612,8551
2613,8555
2614,8561
2615,8565
2616,8568
2617,8570
2618,8572
2619,8577
2620,8579
2621,8581
2622,8583
2623,8586
2624,8590
2625,8593
2626,8594
2627,8607
2628,8610
2629,8614
2630,8618
2631,8619
2632,8623
2633,8626
2634,8627
2635,8628
2636,8629
2637,8634
2638,8639
2639,8644
2640,8646
2641,8651
2642,8653
2643,8659
2644,8663
2645,8664
2646,8671
2647,8672
2648,8683
2649,8690
2650,8691
2651,8694
2652,8699
2653,8707
2654,8710
2655,8711
2656,8719
2657,8720
2658,8724
2659,8726
2660,8728
2661,8731
2662,8732
2663,8734
2664,8735
2665,8739
2666,8740
2667,8742
2668,8745
2669,8748
2670,8756
2671,8757
2672,8759
2673,8763
2674,8765
2675,8773
2676,8776
2677,8780
2678,8781
2679,8783
2680,8803
2681,8805
2682,8806
2683,8807
2684,8809
2685,8810
2686,8811
2687,8824
2688,8825
2689,8827
2690,8835
2691,8841
2692,8844
2693,8845
2694,8847
2695,8849
2696,8853
2697,8854
2698,8856
2699,8860
2700,8862
2701,8864
2702,8866
2703,8870
2704,8871
2705,8873
2706,8875
2707,8877
2708,8883
2709,8884
2710,8885
2711,8890
2712,8894
2713,8896
2714,8898
2715,8900
2716,8901
2717,8906
2718,8910
2719,8914
2720,8923
2721,8931
2722,8936
2723,8940
2724,8943
2725,8945
2726,8946
2727,8947
2728,8950
2729,8951
2730,8953
2731,8961
2732,8968
2733,8969
2734,8980
2735,8983
2736,8988
2737,8990
2738,8992
2739,8994
2740,8998
2741,9001
2742,9006
2743,9007
2744,9008
2745,9011
2746,9020
2747,9023
2748,9025
2749,9035
2750,9036
2751,9041
2752,9042
2753,9045
2754,9046
2755,9047
2756,9050
2757,9052
2758,9053
2759,9054
2760,9055
2761,9057
2762,9059
2763,9060
2764,9061
2765,9063
2766,9065
2767,9067
2768,9069
2769,9072
2770,9076
2771,9077
2772,9080
2773,9081
2774,9082
2775,9085
2776,9086
2777,9090
2778,9094
2779,9102
2780,9103
2781,9105
2782,9106
2783,9109
2784,9113
2785,9128
2786,9129
2787,9132
2788,9137
2789,9139
2790,9140
2791,9147
2792,9148
2793,9149
2794,9154
2795,9155
2796,9156
2797,9157
2798,9158
2799,9160
2800,9164
2801,9168
2802,9170
2803,9173
2804,9174
2805,9180
2806,9182
2807,9185
2808,9186
2809,9189
2810,9191
2811,9193
2812,9195
2813,9197
2814,9198
2815,9205
2816,9210
2817,9211
2818,9223
2819,9226
2820,9227
2821,9228
2822,9229
2823,9230
2824,9232
2825,9233
2826,9235
2827,9239
2828,9244
2829,9245
2830,9247
2831,9249
2832,9250
2833,9251
2834,9254
2835,9255
2836,9258
2837,9266
2838,9270
2839,9271
2840,9273
2841,9279
2842,9281
2843,9285
2844,9286
2845,9293
2846,9298
2847,9299
2848,9300
2849,9304
2850,9305
2851,9311
2852,9313
2853,9320
2854,9324
2855,9326
2856,9327
2857,9329
2858,9330
2859,9333
2860,9336
2861,9337
2862,9339
2863,9344
2864,9348
2865,9352
2866,9353
2867,9358
2868,9368
2869,9372
2870,9376
2871,9377
2872,9378
2873,9381
2874,9382
2875,9383
2876,9384
2877,9390
2878,9394
2879,9396
2880,9400
2881,9401
2882,9404
2883,9416
2884,9418
2885,9420
2886,9421
2887,9424
2888,9425
2889,9431
2890,9433
2891,9438
2892,9440
2893,9441
2894,9442
2895,9444
2896,9448
2897,9449
2898,9460
2899,9462
2900,9465
2901,9470
2902,9477
2903,9484
2904,9486
2905,9491
2906,9494
2907,9495
2908,9497
2909,9499
2910,9501
2911,9502
2912,9503
2913,9510
2914,9513
2915,9515
2916,9518
2917,9519
2918,9520
2919,9524
2920,9526
2921,9527
2922,9538
2923,9540
2924,9546
2925,9548
2926,9556
2927,9557
2928,9561
2929,9575
2930,9579
2931,9580
2932,9583
2933,9589
2934,9594
2935,9595
2936,9596
2937,9597
2938,9604
2939,9609
2940,9612
2941,9613
2942,9615
2943,9616
2944,9620
2945,9622
2946,9625
2947,9626
2948,9628
2949,9629
2950,9631
2951,9640
2952,9644
2953,9647
2954,9649
2955,9652
2956,9657
2957,9658
2958,9663
2959,9665
2960,9666
2961,9667
2962,9668
2963,9670
2964,9674
2965,9676
2966,9677
2967,9679
2968,9684
2969,9695
2970,9703
2971,9705
2972,9706
2973,9707
2974,9709
2975,9710
2976,9712
2977,9717
2978,9719
2979,9721
2980,9727
2981,9730
2982,9750
2983,9751
2984,9755
2985,9757
2986,9758
2987,9762
2988,9764
2989,9765
2990,9768
2991,9771
2992,9775
2993,9776
2994,9779
2995,9783
2996,9784
2997,9792
2998,9794
2999,9796
3000,9800
3001,9807
3002,9812
3003,9820
3004,9824
3005,9828
3006,9834
3007,9836
3008,9839
3009,9842
3010,9848
3011,9850
3012,9857
3013,9861
3014,9864
3015,9871
3016,9872
3017,9875
3018,9877
3019,9880
3020,9882
3021,9883
3022,9886
3023,9894
3024,9911
3025,9915
3026,9923
3027,9924
3028,9926
3029,9929
3030,9930
3031,9935
3032,9936
3033,9937
3034,9941
3035,9944
3036,9945
3037,9946
3038,9952
3039,9954
3040,9955
3041,9959
3042,9962
3043,9970
3044,9979
3045,9980
3046,9989
3047,9990
3048,9992
3049,9997
3050,9998
3051,10000
3052,10002
3053,10003
3054,10007
3055,10008
3056,10015
3057,10017
3058,10023
3059,10025
3060,10027
3061,10043
3062,10047
3063,10051
3064,10054
3065,10056
3066,10058
3067,10075
3068,10081
3069,10087
3070,10093
3071,10098
3072,10105
3073,10107
3074,10108
3075,10113
3076,10122
3077,10123
3078,10126
3079,10130
3080,10136
3081,10137
3082,10140
3083,10141
3084,10146
3085,10149
3086,10156
3087,10159
3088,10162
3089,10172
3090,10174
3091,10177
3092,10178
3093,10180
3094,10184
3095,10190
3096,10192
3097,10194
3098,10195
3099,10197
3100,10198
3101,10199
3102,10204
3103,10209
3104,10211
3105,10212
3106,10214
3107,10222
3108,10227
3109,10228
3110,10230
3111,10237
3112,10239
3113,10249
3114,10250
3115,10256
3116,10260
3117,10263
3118,10264
3119,10265
3120,10268
3121,10269
3122,10270
3123,10271
3124,10272
3125,10273
3126,10274
3127,10279
3128,10280
3129,10282
3130,10283
3131,10285
3132,10291
3133,10294
3134,10295
3135,10299
3136,10302
3137,10303
3138,10307
3139,10311
3140,10321
3141,10336
3142,10339
3143,10341
3144,10343
3145,10350
3146,10351
3147,10369
3148,10373
3149,10378
3150,10379
3151,10380
3152,10383
3153,10388
3154,10391
3155,10393
3156,10396
3157,10398
3158,10404
3159,10408
3160,10410
3161,10425
3162,10428
3163,10432
3164,10435
3165,10437
3166,10438
3167,10449
3168,10465
3169,10466
3170,10469
3171,10470
3172,10471
3173,10472
3174,10474
3175,10476
3176,10481
3177,10483
3178,10490
3179,10494
3180,10496
3181,10497
3182,10499
3183,10508
3184,10510
3185,10515
3186,10523
3187,10529
3188,10544
3189,10547
3190,10548
3191,10553
3192,10555
3193,10560
3194,10562
3195,10565
3196,10581
3197,10583
3198,10584
3199,10585
3200,10590
3201,10591
3202,10599
3203,10603
3204,10609
3205,10610
3206,10613
3207,10615
3208,10617
3209,10619
3210,10620
3211,10623
3212,10626
3213,10629
3214,10635
3215,10636
3216,10640
3217,10642
3218,10644
3219,10648
3220,10649
3221,10653
3222,10655
3223,10661
3224,10662
3225,10669
3226,10670
3227,10673
3228,10675
3229,10677
3230,10679
3231,10680
3232,10682
3233,10683
3234,10685
3235,10686
3236,10694
3237,10700
3238,10703
3239,10706
3240,10710
3241,10712
3242,10715
3243,10721
3244,10725
3245,10734
3246,10735
3247,10736
3248,10737
3249,10744
3250,10749
3251,10751
3252,10752
3253,10754
3254,10758
3255,10760
3256,10762
3257,10763
3258,10766
3259,10770
3260,10772
3261,10788
3262,10790
3263,10793
3264,10797
3265,10799
3266,10800
3267,10804
3268,10805
3269,10810
3270,10815
3271,10819
3272,10820
3273,10821
3274,10823
3275,10825
3276,10827
3277,10830
3278,10831
3279,10836
3280,10838
3281,10844
3282,10846
3283,10859
3284,10862
3285,10866
3286,10868
3287,10869
3288,10876
3289,10879
3290,10883
3291,10885
3292,10886
3293,10895
3294,10899
3295,10901
3296,10904
3297,10909
3298,10911
3299,10917
3300,10919
3301,10921
3302,10925
3303,10928
3304,10931
3305,10932
3306,10933
3307,10934
3308,10935
3309,10937
3310,10944
3311,10946
3312,10947
3313,10950
3314,10953
3315,10956
3316,10957
3317,10958
3318,10959
3319,10961
3320,10962
3321,10965
3322,10968
3323,10972
3324,10974
3325,10979
3326,10984
3327,10988
3328,10990
3329,10992
3330,10994
3331,10996
3332,10998
3333,10999
3334,11000
3335,11002
3336,11003
3337,11005
3338,11008
3339,11009
3340,11010
3341,11014
3342,11017
3343,11021
3344,11024
3345,11027
3346,11030
3347,11031
3348,11037
3349,11039
3350,11044
3351,11045
3352,11048
3353,11049
3354,11058
3355,11062
3356,11064
3357,11065
3358,11067
3359,11074
3360,11077
3361,11081
3362,11082
3363,11085
3364,11096
3365,11097
3366,11101
3367,11102
3368,11109
3369,11119
3370,11121
3371,11129
3372,11130
3373,11134
3374,11135
3375,11137
3376,11143
3377,11145
3378,11146
3379,11149
3380,11153
3381,11157
3382,11158
3383,11162
3384,11171
3385,11182
3386,11189
3387,11198
3388,11200
3389,11202
3390,11211
3391,11212
3392,11216
3393,11217
3394,11218
3395,11220
3396,11221
3397,11223
3398,11227
3399,11229
3400,11230
3401,11231
3402,11232
3403,11236
3404,11238
3405,11243
3406,11245
3407,11248
3408,11251
3409,11252
3410,11254
3411,11255
3412,11259
3413,11261
3414,11267
3415,11269
3416,11273
3417,11278
3418,11284
3419,11285
3420,11288
3421,11289
3422,11296
3423,11303
3424,11304
3425,11305
3426,11306
3427,11308
3428,11312
3429,11315
3430,11317
3431,11318
3432,11320
3433,11323
3434,11325
3435,11326
3436,11328
3437,11331
3438,11336
3439,11339
3440,11346
3441,11352
3442,11354
3443,11360
3444,11361
3445,11362
3446,11367
3447,11368
3448,11381
3449,11387
3450,11388
3451,11389
3452,11391
3453,11394
3454,11396
3455,11403
3456,11405
3457,11407
3458,11408
3459,11412
3460,11413
3461,11414
3462,11425
3463,11426
3464,11428
3465,11434
3466,11437
3467,11438
3468,11443
3469,11445
3470,11454
3471,11456
3472,11461
3473,11464
3474,11472
3475,11473
3476,11480
3477,11481
3478,11483
3479,11485
3480,11488
3481,11492
3482,11494
3483,11500
3484,11501
3485,11505
3486,11514
3487,11522
3488,11525
3489,11526
3490,11527
3491,11529
3492,11530
3493,11534
3494,11535
3495,11538
3496,11540
3497,11542
3498,11544
3499,11546
3500,11557
3501,11559
3502,11560
3503,11566
3504,11567
3505,11573
3506,11574
3507,11575
3508,11578
3509,11579
3510,11583
3511,11584
3512,11585
3513,11587
3514,11589
3515,11590
3516,11607
3517,11612
3518,11613
3519,11623
3520,11626
3521,11627
3522,11631
3523,11632
3524,11638
3525,11640
3526,11641
3527,11644
3528,11645
3529,11648
3530,11654
3531,11657
3532,11658
3533,11663
3534,11671
3535,11672
3536,11675
3537,11679
3538,11681
3539,11686
3540,11689
3541,11703
3542,11705
3543,11706
3544,11712
3545,11716
3546,11719
3547,11720
3548,11722
3549,11727
3550,11728
3551,11730
3552,11733
3553,11736
3554,11738
3555,11739
3556,11753
3557,11755
3558,11763
3559,11764
3560,11765
3561,11767
3562,11773
3563,11776
3564,11781
3565,11785
3566,11786
3567,11818
3568,11822
3569,11823
3570,11825
3571,11829
3572,11834
3573,11835
3574,11838
3575,11850
3576,11852
3577,11853
3578,11857
3579,11858
3580,11859
3581,11862
3582,11864
3583,11868
3584,11869
3585,11870
3586,11871
3587,11874
3588,11875
3589,11876
3590,11877
3591,11881
3592,11888
3593,11898
3594,11899
3595,11904
3596,11908
3597,11912
3598,11913
3599,11918
3600,11919
3601,11921
3602,11924
3603,11926
3604,11932
3605,11948
3606,11950
3607,11956
3608,11959
3609,11960
3610,11961
3611,11962
3612,11964
3613,11966
3614,11969
3615,11971
3616,11977
3617,11980
3618,11987
3619,11990
3620,11991
3621,11998
3622,12000
3623,12003
3624,12006
3625,12008
3626,12009
3627,12013
3628,12017
3629,12018
3630,12020
3631,12021
3632,12022
3633,12024
3634,12025
3635,12030
3636,12035
3637,12036
3638,12039
3639,12040
3640,12043
3641,12046
3642,12051
3643,12055
3644,12060
3645,12061
3646,12065
3647,12067
3648,12070
3649,12074
3650,12075
3651,12076
3652,12080
3653,12083
3654,12084
3655,12094
3656,12096
3657,12097
3658,12101
3659,12105
3660,12110
3661,12111
3662,12117
3663,12120
3664,12122
3665,12123
3666,12125
3667,12130
3668,12134
3669,12135
3670,12137
3671,12140
3672,12141
3673,12148
3674,12152
3675,12153
3676,12154
3677,12156
3678,12157
3679,12160
3680,12162
3681,12168
3682,12169
3683,12174
3684,12182
3685,12184
3686,12194
3687,12197
3688,12202
3689,12204
3690,12207
3691,12211
3692,12212
3693,12214
3694,12217
3695,12218
3696,12220
3697,12221
3698,12229
3699,12232
3700,12234
3701,12236
3702,12237
3703,12241
3704,12243
3705,12244
3706,12248
3707,12252
3708,12258
3709,12264
3710,12266
3711,12268
3712,12269
3713,12270
3714,12271
3715,12272
3716,12276
3717,12277
3718,12278
3719,12280
3720,12281
3721,12286
3722,12289
3723,12293
3724,12294
3725,12298
3726,12308
3727,12312
3728,12316
3729,12331
3730,12341
3731,12342
3732,12343
3733,12344
3734,12346
3735,12349
3736,12350
3737,12353
3738,12358
3739,12359
3740,12367
3741,12368
3742,12370
3743,12372
3744,12374
3745,12375
3746,12391
3747,12395
3748,12396
3749,12403
3750,12404
3751,12409
3752,12410
3753,12413
3754,12414
3755,12415
3756,12417
3757,12418
3758,12420
3759,12421
3760,12424
3761,12426
3762,12429
3763,12439
3764,12443
3765,12451
3766,12455
3767,12457
3768,12458
3769,12460
3770,12461
3771,12462
3772,12467
3773,12474
3774,12476
3775,12482
3776,12485
3777,12486
3778,12492
3779,12494
3780,12502
3781,12506
3782,12517
3783,12519
3784,12524
3785,12528
3786,12529
3787,12533
3788,12536
3789,12537
3790,12538
3791,12539
3792,12541
3793,12546
3794,12547
3795,12549
3796,12550
3797,12551
3798,12552
3799,12553
3800,12557
3801,12558
3802,12560
3803,12564
3804,12565
3805,12566
3806,12568
3807,12573
3808,12575
3809,12577
3810,12578
3811,12581
3812,12582
3813,12583
3814,12586
3815,12590
3816,12591
3817,12594
3818,12596
3819,12598
3820,12599
3821,12605
3822,12616
3823,12622
3824,12629
3825,12630
3826,12635
3827,12637
3828,12639
3829,12644
3830,12647
3831,12648
3832,12651
3833,12657
3834,12658
3835,12670
3836,12671
3837,12672
3838,12686
3839,12693
3840,12695
3841,12699
3842,12701
3843,12702
3844,12703
3845,12705
3846,12709
3847,12711
3848,12713
3849,12719
3850,12730
3851,12734
3852,12735
3853,12739
3854,12745
3855,12746
3856,12757
3857,12765
3858,12767
3859,12768
3860,12772
3861,12775
3862,12787
3863,12795
3864,12796
3865,12798
3866,12799
3867,12801
3868,12802
3869,12803
3870,12805
3871,12806
3872,12808
3873,12809
3874,12810
3875,12814
3876,12816
3877,12826
3878,12828
3879,12831
3880,12833
3881,12834
3882,12836
3883,12843
3884,12847
3885,12853
3886,12854
3887,12861
3888,12863
3889,12864
3890,12875
3891,12876
3892,12878
3893,12880
3894,12881
3895,12882
3896,12883
3897,12884
3898,12885
3899,12894
3900,12900
3901,12909
3902,12911
3903,12915
3904,12924
3905,12927
3906,12934
3907,12935
3908,12939
3909,12943
3910,12947
3911,12950
3912,12952
3913,12954
3914,12955
3915,12957
3916,12959
3917,12965
3918,12966
3919,12967
3920,12969
3921,12970
3922,12972
3923,12974
3924,12982
3925,12985
3926,12995
3927,12997
3928,12998
3929,13001
3930,13002
3931,13005
3932,13010
3933,13013
3934,13014
3935,13015
3936,13018
3937,13019
3938,13020
3939,13023
3940,13032
3941,13033
3942,13035
3943,13037
3944,13038
3945,13039
3946,13041
3947,13042
3948,13045
3949,13052
3950,13056
3951,13060
3952,13061
3953,13063
3954,13064
3955,13070
3956,13080
3957,13082
3958,13087
3959,13089
3960,13092
3961,13095
3962,13099
3963,13100
3964,13101
3965,13104
3966,13105
3967,13109
3968,13110
3969,13111
3970,13112
3971,13113
3972,13114
3973,13117
3974,13125
3975,13130
3976,13131
3977,13133
3978,13135
3979,13136
3980,13137
3981,13139
3982,13146
3983,13147
3984,13157
3985,13166
3986,13170
3987,13171
3988,13172
3989,13174
3990,13179
3991,13180
3992,13182
3993,13186
3994,13190
3995,13191
3996,13194
3997,13200
3998,13205
3999,13207
4000,13210
4001,13211
4002,13213
4003,13214
4004,13220
4005,13223
4006,13228
4007,13234
4008,13236
4009,13243
4010,13247
4011,13253
4012,13256
4013,13258
4014,13262
4015,13266
4016,13268
4017,13269
4018,13270
4019,13271
4020,13274
4021,13275
4022,13277
4023,13279
4024,13282
4025,13286
4026,13287
4027,13288
4028,13291
4029,13292
4030,13295
4031,13296
4032,13299
4033,13302
4034,13308
4035,13317
4036,13318
4037,13331
4038,13334
4039,13336
4040,13342
4041,13348
4042,13353
4043,13355
4044,13366
4045,13368
4046,13370
4047,13378
4048,13384
4049,13386
4050,13387
4051,13388
4052,13402
4053,13403
4054,13405
4055,13406
4056,13409
4057,13410
4058,13413
4059,13415
4060,13418
4061,13419
4062,13420
4063,13422
4064,13431
4065,13436
4066,13443
4067,13445
4068,13446
4069,13449
4070,13457
4071,13467
4072,13470
4073,13472
4074,13475
4075,13478
4076,13479
4077,13482
4078,13491
4079,13492
4080,13495
4081,13498
4082,13504
4083,13508
4084,13510
4085,13515
4086,13518
4087,13519
4088,13520
4089,13521
4090,13524
4091,13525
4092,13529
4093,13533
4094,13534
4095,13535
4096,13536
4097,13544
4098,13545
4099,13546
4100,13549
4101,13554
4102,13555
4103,13556
4104,13558
4105,13562
4106,13566
4107,13574
4108,13577
4109,13579
4110,13584
4111,13586
4112,13590
4113,13594
4114,13597
4115,13598
4116,13601
4117,13602
4118,13604
4119,13605
4120,13613
4121,13614
4122,13617
4123,13622
4124,13630
4125,13635
4126,13641
4127,13646
4128,13649
4129,13650
4130,13653
4131,13656
4132,13657
4133,13664
4134,13666
4135,13668
4136,13671
4137,13678
4138,13680
4139,13686
4140,13689
4141,13692
4142,13695
4143,13697
4144,13699
4145,13700
4146,13704
4147,13713
4148,13719
4149,13720
4150,13723
4151,13725
4152,13730
4153,13736
4154,13737
4155,13741
4156,13742
4157,13747
4158,13748
4159,13749
4160,13750
4161,13762
4162,13766
4163,13769
4164,13770
4165,13771
4166,13776
4167,13780
4168,13781
4169,13785
4170,13789
4171,13790
4172,13791
4173,13792
4174,13796
4175,13797
4176,13801
4177,13804
4178,13805
4179,13813
4180,13817
4181,13819
4182,13829
4183,13834
4184,13839
4185,13842
4186,13845
4187,13856
4188,13859
4189,13863
4190,13866
4191,13872
4192,13874
4193,13876
4194,13880
4195,13884
4196,13886
4197,13888
4198,13892
4199,13907
4200,13911
4201,13914
4202,13919
4203,13922
4204,13926
4205,13929
4206,13933
4207,13934
4208,13936
4209,13941
4210,13942
4211,13946
4212,13947
4213,13950
4214,13952
4215,13955
4216,13960
4217,13961
4218,13962
4219,13964
4220,13965
4221,13971
4222,13975
4223,13978
4224,13984
4225,13987
4226,13988
4227,13989
4228,13993
4229,13995
4230,13998
4231,13999
4232,14000
4233,14001
4234,14002
4235,14005
4236,14009
4237,14010
4238,14012
4239,14018
4240,14021
4241,14024
4242,14029
4243,14031
4244,14032
4245,14037
4246,14041
4247,14044
4248,14053
4249,14056
4250,14062
4251,14067
4252,14068
4253,14070
4254,14080
4255,14086
4256,14089
4257,14090
4258,14092
4259,14095
4260,14098
4261,14101
4262,14104
4263,14108
4264,14109
4265,14113
4266,14114
4267,14117
4268,14122
4269,14125
4270,14126
4271,14127
4272,14129
4273,14130
4274,14134
4275,14137
4276,14139
4277,14140
4278,14145
4279,14146
4280,14149
4281,14150
4282,14152
4283,14161
4284,14166
4285,14173
4286,14174
4287,14183
4288,14185
4289,14187
4290,14193
4291,14194
4292,14200
4293,14201
4294,14204
4295,14206
4296,14207
4297,14209
4298,14210
4299,14211
4300,14214
4301,14215
4302,14217
4303,14219
4304,14221
4305,14229
4306,14231
4307,14236
4308,14238
4309,14241
4310,14247
4311,14252
4312,14253
4313,14254
4314,14255
4315,14256
4316,14258
4317,14262
4318,14263
4319,14264
4320,14268
4321,14274
4322,14278
4323,14282
4324,14283
4325,14286
4326,14287
4327,14289
4328,14291
4329,14298
4330,14301
4331,14304
4332,14307
4333,14308
4334,14316
4335,14318
4336,14320
4337,14325
4338,14334
4339,14336
4340,14337
4341,14340
4342,14341
4343,14343
4344,14345
4345,14347
4346,14349
4347,14350
4348,14352
4349,14366
4350,14373
4351,14376
4352,14378
4353,14384
4354,14394
4355,14395
4356,14396
4357,14397
4358,14398
4359,14399
4360,14402
4361,14407
4362,14408
4363,14416
4364,14430
4365,14433
4366,14435
4367,14437
4368,14440
4369,14449
4370,14452
4371,14460
4372,14462
4373,14464
4374,14466
4375,14471
4376,14472
4377,14475
4378,14477
4379,14478
4380,14485
4381,14486
4382,14492
4383,14495
4384,14496
4385,14498
4386,14503
4387,14511
4388,14512
4389,14516
4390,14523
4391,14525
4392,14537
4393,14538
4394,14542
4395,14543
4396,14546
4397,14547
4398,14554
4399,14556
4400,14558
4401,14560
4402,14561
4403,14566
4404,14567
4405,14572
4406,14575
4407,14581
4408,14585
4409,14587
4410,14595
4411,14596
4412,14598
4413,14599
4414,14600
4415,14602
4416,14603
4417,14605
4418,14606
4419,14620
4420,14622
4421,14638
4422,14642
4423,14646
4424,14648
4425,14651
4426,14662
4427,14666
4428,14669
4429,14671
4430,14675
4431,14678
4432,14679
4433,14680
4434,14681
4435,14684
4436,14689
4437,14691
4438,14692
4439,14694
4440,14697
4441,14715
4442,14716
4443,14721
4444,14725
4445,14731
4446,14738
4447,14743
4448,14750
4449,14752
4450,14755
4451,14759
4452,14763
4453,14764
4454,14765
4455,14766
4456,14767
4457,14774
4458,14775
4459,14777
4460,14779
4461,14780
4462,14785
4463,14787
4464,14788
4465,14798
4466,14803
4467,14805
4468,14806
4469,14809
4470,14817
4471,14822
4472,14824
4473,14825
4474,14828
4475,14831
4476,14832
4477,14833
4478,14835
4479,14840
4480,14846
4481,14847
4482,14850
4483,14856
4484,14857
4485,14858
4486,14860
4487,14862
4488,14863
4489,14867
4490,14868
4491,14876
4492,14877
4493,14878
4494,14879
4495,14881
4496,14885
4497,14887
4498,14890
4499,14895
4500,14898
4501,14903
4502,14909
4503,14913
4504,14918
4505,14919
4506,14920
4507,14922
4508,14924
4509,14925
4510,14926
4511,14931
4512,14933
4513,14935
4514,14937
4515,14938
4516,14939
4517,14941
4518,14942
4519,14944
4520,14946
4521,14949
4522,14951
4523,14953
4524,14956
4525,14958
4526,14961
4527,14967
4528,14979
4529,14982
4530,14984
4531,14985
4532,14986
4533,14987
4534,14988
4535,14995
4536,14996
4537,14998
4538,14999
4539,15001
4540,15005
4541,15007
4542,15013
4543,15017
4544,15021
4545,15023
4546,15029
4547,15030
4548,15033
4549,15038
4550,15041
4551,15045
4552,15051
4553,15057
4554,15062
4555,15065
4556,15066
4557,15072
4558,15074
4559,15077
4560,15078
4561,15081
4562,15083
4563,15086
4564,15093
4565,15096
4566,15097
4567,15100
4568,15102
4569,15106
4570,15112
4571,15116
4572,15120
4573,15121
4574,15125
4575,15126
4576,15127
4577,15129
4578,15130
4579,15133
4580,15136
4581,15138
4582,15141
4583,15143
4584,15146
4585,15147
4586,15149
4587,15151
4588,15152
4589,15163
4590,15168
4591,15176
4592,15179
4593,15187
4594,15194
4595,15201
4596,15206
4597,15210
4598,15212
4599,15216
4600,15217
4601,15221
4602,15225
4603,15226
4604,15228
4605,15234
4606,15242
4607,15248
4608,15255
4609,15260
4610,15270
4611,15272
4612,15275
4613,15276
4614,15280
4615,15287
4616,15289
4617,15293
4618,15294
4619,15297
4620,15298
4621,15306
4622,15311
4623,15316
4624,15317
4625,15318
4626,15319
4627,15327
4628,15332
4629,15334
4630,15337
4631,15338
4632,15339
4633,15343
4634,15354
4635,15355
4636,15356
4637,15357
4638,15374
4639,15375
4640,15376
4641,15379
4642,15383
4643,15385
4644,15388
4645,15389
4646,15390
4647,15392
4648,15394
4649,15395
4650,15397
4651,15400
4652,15401
4653,15404
4654,15405
4655,15406
4656,15413
4657,15416
4658,15432
4659,15437
4660,15439
4661,15441
4662,15447
4663,15451
4664,15454
4665,15464
4666,15466
4667,15477
4668,15484
4669,15485
4670,15486
4671,15487
4672,15488
4673,15490
4674,15496
4675,15499
4676,15500
4677,15504
4678,15507
4679,15511
4680,15515
4681,15517
4682,15518
4683,15521
4684,15524
4685,15525
4686,15526
4687,15527
4688,15528
4689,15540
4690,15542
4691,15546
4692,15547
4693,15548
4694,15550
4695,15554
4696,15560
4697,15565
4698,15568
4699,15572
4700,15575
4701,15576
4702,15578
4703,15579
4704,15580
4705,15585
4706,15588
4707,15589
4708,15593
4709,15594
4710,15602
4711,15610
4712,15612
4713,15613
4714,15614
4715,15617
4716,15624
4717,15630
4718,15632
4719,15634
4720,15635
4721,15636
4722,15638
4723,15641
4724,15643
4725,15645
4726,15646
4727,15649
4728,15652
4729,15653
4730,15656
4731,15657
4732,15659
4733,15660
4734,15662
4735,15665
4736,15666
4737,15674
4738,15675
4739,15682
4740,15684
4741,15687
4742,15691
4743,15694
4744,15695
4745,15698
4746,15707
4747,15709
4748,15713
4749,15714
4750,15716
4751,15717
4752,15718
4753,15727
4754,15729
4755,15730
4756,15731
4757,15734
4758,15735
4759,15736
4760,15738
4761,15740
4762,15742
4763,15749
4764,15752
4765,15753
4766,15754
4767,15755
4768,15758
4769,15759
4770,15760
4771,15762
4772,15764
4773,15765
4774,15770
4775,15771
4776,15776
4777,15778
4778,15779
4779,15781
4780,15782
4781,15784
4782,15785
4783,15786
4784,15787
4785,15791
4786,15795
4787,15797
4788,15804
4789,15806
4790,15807
4791,15808
4792,15816
4793,15817
4794,15821
4795,15825
4796,15830
4797,15831
4798,15832
4799,15840
4800,15842
4801,15844
4802,15845
4803,15850
4804,15851
4805,15853
4806,15856
4807,15864
4808,15870
4809,15871
4810,15872
4811,15873
4812,15878
4813,15881
4814,15887
4815,15892
4816,15897
4817,15901
4818,15903
4819,15904
4820,15906
4821,15907
4822,15909
4823,15910
4824,15911
4825,15912
4826,15919
4827,15925
4828,15927
4829,15929
4830,15935
4831,15939
4832,15940
4833,15941
4834,15942
4835,15948
4836,15950
4837,15953
4838,15961
4839,15962
4840,15971
4841,15973
4842,15977
4843,15978
4844,15981
4845,15982
4846,15984
4847,15985
4848,15989
4849,15992
4850,15994
4851,16004
4852,16010
4853,16012
4854,16014
4855,16015
4856,16016
4857,16024
4858,16028
4859,16031
4860,16042
4861,16044
4862,16045
4863,16046
4864,16051
4865,16053
4866,16056
4867,16057
4868,16063
4869,16064
4870,16067
4871,16069
4872,16072
4873,16073
4874,16078
4875,16088
4876,16095
4877,16100
4878,16101
4879,16107
4880,16110
4881,16113
4882,16115
4883,16120
4884,16121
4885,16125
4886,16127
4887,16131
4888,16137
4889,16149
4890,16150
4891,16157
4892,16164
4893,16171
4894,16172
4895,16175
4896,16176
4897,16183
4898,16185
4899,16186
4900,16187
4901,16190
4902,16191
4903,16195
4904,16197
4905,16199
4906,16203
4907,16204
4908,16207
4909,16210
4910,16216
4911,16219
4912,16233
4913,16242
4914,16243
4915,16245
4916,16249
4917,16253
4918,16254
4919,16255
4920,16256
4921,16263
4922,16269
4923,16271
4924,16272
4925,16276
4926,16280
4927,16284
4928,16285
4929,16286
4930,16289
4931,16302
4932,16308
4933,16313
4934,16320
4935,16323
4936,16325
4937,16326
4938,16327
4939,16328
4940,16330
4941,16333
4942,16334
4943,16335
4944,16341
4945,16342
4946,16344
4947,16346
4948,16348
4949,16352
4950,16353
4951,16354
4952,16357
4953,16360
4954,16364
4955,16365
4956,16368
4957,16371
4958,16374
4959,16376
4960,16378
4961,16380
4962,16383
4963,16386
4964,16390
4965,16392
4966,16393
4967,16395
4968,16397
4969,16398
4970,16399
4971,16401
4972,16403
4973,16405
4974,16411
4975,16415
4976,16416
4977,16419
4978,16420
4979,16424
4980,16433
4981,16434
4982,16435
4983,16436
4984,16439
4985,16442
4986,16448
4987,16449
4988,16452
4989,16457
4990,16461
4991,16464
4992,16468
4993,16474
4994,16478
4995,16481
4996,16483
4997,16488
4998,16491
4999,16495
5000,16496
5001,16501
5002,16502
5003,16503
5004,16506
5005,16507
5006,16511
5007,16520
5008,16521
5009,16522
5010,16527
5011,16528
5012,16531
5013,16533
5014,16534
5015,16540
5016,16547
5017,16550
5018,16551
5019,16552
5020,16557
5021,16558
5022,16560
5023,16563
5024,16571
5025,16574
5026,16575
5027,16576
5028,16580
5029,16581
5030,16583
5031,16586
5032,16587
5033,16589
5034,16595
5035,16598
5036,16599
5037,16603
5038,16604
5039,16605
5040,16606
5041,16609
5042,16610
5043,16612
5044,16624
5045,16626
5046,16627
5047,16634
5048,16635
5049,16640
5050,16653
5051,16655
5052,16657
5053,16658
5054,16665
5055,16667
5056,16668
5057,16670
5058,16671
5059,16680
5060,16684
5061,16686
5062,16687
5063,16692
5064,16693
5065,16695
5066,16700
5067,16702
5068,16703
5069,16705
5070,16709
5071,16713
5072,16716
5073,16717
5074,16719
5075,16725
5076,16727
5077,16729
5078,16733
5079,16739
5080,16744
5081,16746
5082,16747
5083,16748
5084,16751
5085,16756
5086,16759
5087,16760
5088,16761
5089,16762
5090,16763
5091,16766
5092,16773
5093,16782
5094,16783
5095,16794
5096,16795
5097,16796
5098,16798
5099,16800
5100,16803
5101,16805
5102,16808
5103,16809
5104,16811
5105,16813
5106,16814
5107,16819
5108,16823
5109,16824
5110,16825
5111,16829
5112,16830
5113,16831
5114,16835
5115,16837
5116,16839
5117,16840
5118,16845
5119,16846
5120,16850
5121,16852
5122,16853
5123,16858
5124,16865
5125,16866
5126,16870
5127,16879
5128,16881
5129,16886
5130,16887
5131,16889
5132,16891
5133,16892
5134,16893
5135,16897
5136,16898
5137,16900
5138,16906
5139,16909
5140,16910
5141,16914
5142,16917
5143,16920
5144,16921
5145,16933
5146,16936
5147,16937
5148,16945
5149,16948
5150,16949
5151,16950
5152,16958
5153,16959
5154,16960
5155,16964
5156,16965
5157,16970
5158,16973
5159,16974
5160,16980
5161,16983
5162,16984
5163,16988
5164,16990
5165,16993
5166,16996
5167,16997
5168,16999
5169,17006
5170,17013
5171,17015
5172,17023
5173,17030
5174,17032
5175,17033
5176,17034
5177,17035
5178,17038
5179,17039
5180,17041
5181,17042
5182,17046
5183,17049
5184,17050
5185,17055
5186,17056
5187,17058
5188,17060
5189,17061
5190,17062
5191,17066
5192,17067
5193,17070
5194,17074
5195,17078
5196,17080
5197,17083
5198,17090
5199,17092
5200,17095
5201,17097
5202,17098
5203,17102
5204,17103
5205,17105
5206,17106
5207,17120
5208,17121
5209,17123
5210,17126
5211,17128
5212,17131
5213,17141
5214,17142
5215,17143
5216,17149
5217,17156
5218,17158
5219,17159
5220,17160
5221,17163
5222,17167
5223,17170
5224,17172
5225,17174
5226,17176
5227,17179
5228,17183
5229,17186
5230,17192
5231,17193
5232,17195
5233,17197
5234,17199
5235,17202
5236,17203
5237,17205
5238,17206
5239,17207
5240,17211
5241,17214
5242,17217
5243,17222
5244,17229
5245,17234
5246,17243
5247,17245
5248,17247
5249,17248
5250,17249
5251,17250
5252,17255
5253,17260
5254,17266
5255,17270
5256,17272
5257,17276
5258,17280
5259,17283
5260,17286
5261,17288
5262,17289
5263,17297
5264,17301
5265,17306
5266,17310
5267,17313
5268,17314
5269,17320
5270,17326
5271,17327
5272,17331
5273,17338
5274,17341
5275,17343
5276,17344
5277,17350
5278,17351
5279,17352
5280,17353
5281,17358
5282,17359
5283,17360
5284,17361
5285,17362
5286,17363
5287,17371
5288,17375
5289,17377
5290,17398
5291,17401
5292,17405
5293,17409
5294,17412
5295,17413
5296,17422
5297,17425
5298,17429
5299,17434
5300,17444
5301,17445
5302,17451
5303,17456
5304,17461
5305,17463
5306,17465
5307,17468
5308,17473
5309,17477
5310,17478
5311,17484
5312,17485
5313,17486
5314,17495
5315,17499
5316,17500
5317,17505
5318,17507
5319,17508
5320,17511
5321,17515
5322,17516
5323,17525
5324,17527
5325,17529
5326,17537
5327,17540
5328,17545
5329,17554
5330,17555
5331,17556
5332,17559
5333,17565
5334,17566
5335,17569
5336,17573
5337,17574
5338,17577
5339,17579
5340,17588
5341,17594
5342,17598
5343,17602
5344,17604
5345,17607
5346,17611
5347,17612
5348,17614
5349,17617
5350,17618
5351,17621
5352,17622
5353,17623
5354,17624
5355,17627
5356,17637
5357,17640
5358,17644
5359,17645
5360,17650
5361,17652
5362,17653
5363,17657
5364,17659
5365,17667
5366,17671
5367,17673
5368,17676
5369,17678
5370,17679
5371,17680
5372,17681
5373,17683
5374,17686
5375,17690
5376,17691
5377,17692
5378,17700
5379,17703
5380,17706
5381,17707
5382,17708
5383,17713
5384,17714
5385,17718
5386,17721
5387,17728
5388,17732
5389,17734
5390,17739
5391,17742
5392,17746
5393,17748
5394,17750
5395,17752
5396,17753
5397,17755
5398,17756
5399,17765
5400,17766
5401,17767
5402,17773
5403,17786
5404,17787
5405,17788
5406,17790
5407,17793
5408,17795
5409,17796
5410,17800
5411,17801
5412,17803
5413,17807
5414,17811
5415,17812
5416,17829
5417,17840
5418,17841
5419,17843
5420,17844
5421,17845
5422,17847
5423,17849
5424,17855
5425,17856
5426,17858
5427,17861
5428,17866
5429,17867
5430,17869
5431,17873
5432,17875
5433,17879
5434,17882
5435,17887
5436,17892
5437,17893
5438,17899
5439,17902
5440,17911
5441,17913
5442,17914
5443,17916
5444,17917
5445,17918
5446,17919
5447,17921
5448,17922
5449,17925
5450,17928
5451,17931
5452,17933
5453,17935
5454,17936
5455,17937
5456,17938
5457,17939
5458,17941
5459,17945
5460,17949
5461,17960
5462,17961
5463,17966
5464,17970
5465,17972
5466,17976
5467,17981
5468,17984
5469,17986
5470,17990
5471,17991
5472,17992
5473,17993
5474,17998
5475,18003
5476,18005
5477,18006
5478,18007
5479,18010
5480,18018
5481,18021
5482,18022
5483,18023
5484,18025
5485,18026
5486,18027
5487,18030
5488,18032
5489,18033
5490,18035
5491,18036
5492,18043
5493,18055
5494,18058
5495,18060
5496,18063
5497,18074
5498,18078
5499,18087
5500,18092
5501,18094
5502,18102
5503,18105
5504,18109
5505,18111
5506,18121
5507,18122
5508,18126
5509,18133
5510,18149
5511,18155
5512,18158
5513,18160
5514,18163
5515,18165
5516,18167
5517,18169
5518,18178
5519,18183
5520,18186
5521,18187
5522,18191
5523,18192
5524,18194
5525,18202
5526,18204
5527,18206
5528,18210
5529,18214
5530,18215
5531,18217
5532,18218
5533,18220
5534,18222
5535,18223
5536,18226
5537,18229
5538,18231
5539,18235
5540,18236
5541,18244
5542,18247
5543,18254
5544,18259
5545,18260
5546,18263
5547,18265
5548,18268
5549,18273
5550,18275
5551,18276
5552,18277
5553,18282
5554,18289
5555,18292
5556,18294
5557,18301
5558,18308
5559,18309
5560,18310
5561,18312
5562,18313
5563,18316
5564,18318
5565,18322
5566,18329
5567,18330
5568,18331
5569,18332
5570,18333
5571,18338
5572,18344
5573,18349
5574,18351
5575,18358
5576,18359
5577,18360
5578,18362
5579,18368
5580,18369
5581,18373
5582,18374
5583,18375
5584,18377
5585,18379
5586,18382
5587,18383
5588,18386
5589,18387
5590,18388
5591,18389
5592,18391
5593,18393
5594,18394
5595,18404
5596,18407
5597,18410
5598,18411
5599,18412
5600,18414
5601,18416
5602,18425
5603,18430
5604,18432
5605,18438
5606,18450
5607,18452
5608,18458
5609,18459
5610,18460
5611,18463
5612,18465
5613,18468
5614,18469
5615,18470
5616,18471
5617,18477
5618,18482
5619,18483
5620,18485
5621,18486
5622,18487
5623,18499
5624,18506
5625,18507
5626,18508
5627,18512
5628,18514
5629,18517
5630,18520
5631,18525
5632,18527
5633,18529
5634,18531
5635,18535
5636,18540
5637,18541
5638,18550
5639,18555
5640,18557
5641,18559
5642,18562
5643,18563
5644,18565
5645,18568
5646,18570
5647,18573
5648,18575
5649,18580
5650,18582
5651,18583
5652,18584
5653,18585
5654,18590
5655,18594
5656,18598
5657,18603
5658,18606
5659,18608
5660,18609
5661,18611
5662,18618
5663,18620
5664,18628
5665,18629
5666,18633
5667,18644
5668,18650
5669,18654
5670,18655
5671,18658
5672,18665
5673,18678
5674,18680
5675,18689
5676,18695
5677,18696
5678,18703
5679,18704
5680,18708
5681,18709
5682,18712
5683,18713
5684,18716
5685,18720
5686,18723
5687,18724
5688,18725
5689,18735
5690,18738
5691,18739
5692,18742
5693,18747
5694,18751
5695,18753
5696,18754
5697,18759
5698,18762
5699,18764
5700,18767
5701,18771
5702,18773
5703,18774
5704,18784
5705,18785
5706,18786
5707,18788
5708,18790
5709,18792
5710,18797
5711,18799
5712,18804
5713,18806
5714,18807
5715,18808
5716,18809
5717,18812
5718,18813
5719,18817
5720,18818
5721,18819
5722,18822
5723,18826
5724,18828
5725,18834
5726,18836
5727,18839
5728,18845
5729,18846
5730,18854
5731,18857
5732,18861
5733,18862
5734,18864
5735,18876
5736,18880
5737,18881
5738,18888
5739,18893
5740,18896
5741,18906
5742,18908
5743,18909
5744,18911
5745,18923
5746,18924
5747,18926
5748,18927
5749,18929
5750,18930
5751,18931
5752,18944
5753,18955
5754,18957
5755,18960
5756,18966
5757,18969
5758,18974
5759,18975
5760,18978
5761,18981
5762,18986
5763,18991
5764,18996
5765,18997
5766,19001
5767,19011
5768,19014
5769,19019
5770,19025
5771,19027
5772,19028
5773,19029
5774,19030
5775,19032
5776,19034
5777,19043
5778,19049
5779,19051
5780,19057
5781,19058
5782,19062
5783,19063
5784,19070
5785,19074
5786,19075
5787,19077
5788,19081
5789,19082
5790,19084
5791,19086
5792,19091
5793,19093
5794,19095
5795,19099
5796,19106
5797,19109
5798,19114
5799,19122
5800,19124
5801,19131
5802,19134
5803,19137
5804,19140
5805,19144
5806,19145
5807,19148
5808,19150
5809,19154
5810,19156
5811,19168
5812,19171
5813,19183
5814,19185
5815,19188
5816,19190
5817,19191
5818,19200
5819,19201
5820,19202
5821,19206
5822,19212
5823,19219
5824,19223
5825,19224
5826,19230
5827,19232
5828,19234
5829,19235
5830,19239
5831,19252
5832,19254
5833,19261
5834,19268
5835,19269
5836,19271
5837,19272
5838,19273
5839,19274
5840,19276
5841,19277
5842,19278
5843,19280
5844,19281
5845,19282
5846,19284
5847,19289
5848,19290
5849,19291
5850,19296
5851,19306
5852,19308
5853,19309
5854,19311
5855,19312
5856,19314
5857,19315
5858,19317
5859,19325
5860,19328
5861,19330
5862,19332
5863,19333
5864,19336
5865,19340
5866,19342
5867,19343
5868,19345
5869,19346
5870,19352
5871,19356
5872,19358
5873,19360
5874,19362
5875,19364
5876,19366
5877,19367
5878,19370
5879,19372
5880,19375
5881,19383
5882,19384
5883,19386
5884,19389
5885,19394
5886,19396
5887,19404
5888,19406
5889,19411
5890,19414
5891,19418
5892,19419
5893,19422
5894,19429
5895,19430
5896,19434
5897,19435
5898,19436
5899,19440
5900,19442
5901,19446
5902,19447
5903,19450
5904,19451
5905,19454
5906,19457
5907,19463
5908,19464
5909,19465
5910,19466
5911,19475
5912,19480
5913,19482
5914,19483
5915,19486
5916,19489
5917,19491
5918,19494
5919,19497
5920,19501
5921,19504
5922,19510
5923,19513
5924,19517
5925,19522
5926,19525
5927,19528
5928,19532
5929,19534
5930,19537
5931,19539
5932,19540
5933,19545
5934,19546
5935,19548
5936,19549
5937,19554
5938,19558
5939,19561
5940,19573
5941,19575
5942,19576
5943,19579
5944,19580
5945,19587
5946,19588
5947,19592
5948,19593
5949,19594
5950,19596
5951,19601
5952,19604
5953,19605
5954,19610
5955,19616
5956,19617
5957,19623
5958,19624
5959,19635
5960,19643
5961,19653
5962,19660
5963,19661
5964,19664
5965,19669
5966,19670
5967,19672
5968,19675
5969,19676
5970,19677
5971,19678
5972,19679
5973,19687
5974,19690
5975,19691
5976,19705
5977,19711
5978,19712
5979,19713
5980,19727
5981,19728
5982,19729
5983,19737
5984,19739
5985,19743
5986,19753
5987,19754
5988,19755
5989,19757
5990,19760
5991,19766
5992,19776
5993,19780
5994,19782
5995,19786
5996,19790
5997,19791
5998,19792
5999,19795
6000,19797
6001,19798
6002,19803
6003,19807
6004,19812
6005,19816
6006,19818
6007,19819
6008,19824
6009,19829
6010,19838
6011,19842
6012,19843
6013,19847
6014,19851
6015,19853
6016,19855
6017,19856
6018,19859
6019,19862
6020,19863
6021,19865
6022,19868
6023,19870
6024,19874
6025,19875
6026,19881
6027,19882
6028,19883
6029,19886
6030,19890
6031,19893
6032,19897
6033,19898
6034,19899
6035,19900
6036,19903
6037,19914
6038,19919
6039,19920
6040,19921
6041,19923
6042,19928
6043,19933
6044,19936
6045,19938
6046,19941
6047,19944
6048,19952
6049,19955
6050,19958
6051,19962
6052,19963
6053,19965
6054,19967
6055,19968
6056,19970
6057,19971
6058,19973
6059,19975
6060,19980
6061,19983
6062,19987
6063,19989
6064,19999
6065,20004
6066,20005
6067,20010
6068,20013
6069,20020
6070,20021
6071,20023
6072,20024
6073,20026
6074,20030
6075,20032
6076,20033
6077,20034
6078,20038
6079,20042
6080,20046
6081,20053
6082,20055
6083,20058
6084,20061
6085,20064
6086,20070
6087,20071
6088,20072
6089,20073
6090,20075
6091,20078
6092,20080
6093,20085
6094,20095
6095,20099
6096,20101
6097,20106
6098,20107
6099,20110
6100,20115
6101,20120
6102,20134
6103,20137
6104,20158
6105,20159
6106,20162
6107,20168
6108,20173
6109,20179
6110,20187
6111,20196
6112,20202
6113,20204
6114,20219
6115,20228
6116,20233
6117,20236
6118,20240
6119,20241
6120,20246
6121,20251
6122,20254
6123,20257
6124,20264
6125,20269
6126,20271
6127,20273
6128,20274
6129,20278
6130,20279
6131,20281
6132,20282
6133,20284
6134,20285
6135,20287
6136,20289
6137,20298
6138,20303
6139,20304
6140,20310
6141,20320
6142,20327
6143,20330
6144,20331
6145,20337
6146,20340
6147,20342
6148,20345
6149,20346
6150,20360
6151,20361
6152,20362
6153,20363
6154,20364
6155,20380
6156,20381
6157,20382
6158,20383
6159,20387
6160,20394
6161,20396
6162,20400
6163,20403
6164,20408
6165,20409
6166,20410
6167,20413
6168,20414
6169,20415
6170,20418
6171,20421
6172,20422
6173,20424
6174,20425
6175,20427
6176,20430
6177,20432
6178,20433
6179,20438
6180,20442
6181,20446
6182,20449
6183,20451
6184,20452
6185,20455
6186,20462
6187,20466
6188,20469
6189,20472
6190,20475
6191,20478
6192,20479
6193,20480
6194,20483
6195,20484
6196,20486
6197,20490
6198,20495
6199,20501
6200,20505
6201,20512
6202,20514
6203,20516
6204,20524
6205,20526
6206,20532
6207,20538
6208,20541
6209,20542
6210,20545
6211,20552
6212,20553
6213,20554
6214,20559
6215,20562
6216,20568
6217,20570
6218,20571
6219,20575
6220,20583
6221,20584
6222,20585
6223,20586
6224,20591
6225,20595
6226,20597
6227,20599
6228,20601
6229,20602
6230,20605
6231,20606
6232,20614
6233,20615
6234,20619
6235,20631
6236,20636
6237,20642
6238,20644
6239,20645
6240,20646
6241,20648
6242,20658
6243,20659
6244,20664
6245,20667
6246,20680
6247,20681
6248,20685
6249,20687
6250,20690
6251,20691
6252,20693
6253,20694
6254,20696
6255,20701
6256,20702
6257,20708
6258,20710
6259,20711
6260,20714
6261,20717
6262,20721
6263,20727
6264,20728
6265,20733
6266,20748
6267,20751
6268,20752
6269,20754
6270,20760
6271,20761
6272,20764
6273,20767
6274,20768
6275,20769
6276,20770
6277,20773
6278,20774
6279,20776
6280,20779
6281,20784
6282,20785
6283,20792
6284,20795
6285,20797
6286,20799
6287,20803
6288,20804
6289,20807
6290,20809
6291,20813
6292,20817
6293,20820
6294,20824
6295,20827
6296,20828
6297,20834
6298,20835
6299,20837
6300,20840
6301,20842
6302,20843
6303,20846
6304,20854
6305,20870
6306,20871
6307,20874
6308,20880
6309,20882
6310,20886
6311,20888
6312,20892
6313,20893
6314,20894
6315,20895
6316,20898
6317,20901
6318,20903
6319,20910
6320,20911
6321,20912
6322,20915
6323,20917
6324,20921
6325,20922
6326,20932
6327,20935
6328,20941
6329,20944
6330,20953
6331,20957
6332,20960
6333,20963
6334,20964
6335,20969
6336,20976
6337,20977
6338,20978
6339,20990
6340,20994
6341,20998
6342,20999
6343,21010
6344,21011
6345,21014
6346,21015
6347,21017
6348,21021
6349,21024
6350,21028
6351,21030
6352,21031
6353,21032
6354,21036
6355,21037
6356,21041
6357,21043
6358,21045
6359,21048
6360,21051
6361,21052
6362,21056
6363,21058
6364,21063
6365,21066
6366,21071
6367,21072
6368,21073
6369,21074
6370,21080
6371,21081
6372,21084
6373,21088
6374,21089
6375,21095
6376,21096
6377,21098
6378,21100
6379,21103
6380,21104
6381,21108
6382,21109
6383,21110
6384,21111
6385,21117
6386,21118
6387,21128
6388,21132
6389,21135
6390,21136
6391,21137
6392,21143
6393,21152
6394,21156
6395,21157
6396,21158
6397,21161
6398,21162
6399,21168
6400,21172
6401,21174
6402,21175
6403,21185
6404,21186
6405,21187
6406,21188
6407,21189
6408,21191
6409,21195
6410,21197
6411,21199
6412,21202
6413,21204
6414,21206
6415,21207
6416,21208
6417,21218
6418,21224
6419,21232
6420,21237
6421,21240
6422,21245
6423,21253
6424,21255
6425,21259
6426,21264
6427,21266
6428,21268
6429,21269
6430,21271
6431,21277
6432,21280
6433,21284
6434,21290
6435,21293
6436,21296
6437,21300
6438,21303
6439,21311
6440,21314
6441,21315
6442,21318
6443,21320
6444,21325
6445,21329
6446,21330
6447,21331
6448,21335
6449,21336
6450,21338
6451,21341
6452,21342
6453,21347
6454,21350
6455,21355
6456,21356
6457,21360
6458,21364
6459,21369
6460,21371
6461,21373
6462,21381
6463,21384
6464,21385
6465,21387
6466,21405
6467,21409
6468,21414
6469,21416
6470,21419
6471,21421
6472,21422
6473,21427
6474,21433
6475,21441
6476,21442
6477,21444
6478,21446
6479,21448
6480,21449
6481,21451
6482,21453
6483,21457
6484,21459
6485,21473
6486,21475
6487,21477
6488,21478
6489,21480
6490,21482
6491,21491
6492,21497
6493,21507
6494,21510
6495,21511
6496,21517
6497,21521
6498,21523
6499,21526
6500,21542
6501,21543
6502,21544
6503,21545
6504,21546
6505,21549
6506,21550
6507,21551
6508,21552
6509,21553
6510,21554
6511,21555
6512,21557
6513,21558
6514,21559
6515,21567
6516,21572
6517,21574
6518,21577
6519,21580
6520,21581
6521,21584
6522,21593
6523,21595
6524,21602
6525,21606
6526,21609
6527,21613
6528,21614
6529,21619
6530,21622
6531,21624
6532,21630
6533,21631
6534,21632
6535,21633
6536,21649
6537,21652
6538,21659
6539,21660
6540,21661
6541,21662
6542,21668
6543,21673
6544,21679
6545,21683
6546,21687
6547,21688
6548,21690
6549,21691
6550,21693
6551,21695
6552,21697
6553,21699
6554,21700
6555,21705
6556,21706
6557,21708
6558,21709
6559,21710
6560,21713
6561,21715
6562,21719
6563,21721
6564,21727
6565,21732
6566,21739
6567,21743
6568,21744
6569,21747
6570,21750
6571,21755
6572,21758
6573,21760
6574,21763
6575,21764
6576,21768
6577,21769
6578,21774
6579,21776
6580,21777
6581,21785
6582,21788
6583,21789
6584,21793
6585,21796
6586,21805
6587,21809
6588,21812
6589,21816
6590,21818
6591,21826
6592,21827
6593,21830
6594,21838
6595,21842
6596,21843
6597,21846
6598,21848
6599,21855
6600,21856
6601,21860
6602,21862
6603,21865
6604,21869
6605,21870
6606,21883
6607,21884
6608,21889
6609,21890
6610,21891
6611,21892
6612,21893
6613,21898
6614,21899
6615,21901
6616,21903
6617,21904
6618,21909
6619,21910
6620,21916
6621,21919
6622,21924
6623,21925
6624,21929
6625,21930
6626,21934
6627,21935
6628,21941
6629,21942
6630,21945
6631,21949
6632,21951
6633,21952
6634,21956
6635,21959
6636,21965
6637,21966
6638,21967
6639,21974
6640,21976
6641,21977
6642,21979
6643,21987
6644,21993
6645,21997
6646,22000
6647,22009
6648,22012
6649,22014
6650,22024
6651,22026
6652,22030
6653,22032
6654,22035
6655,22039
6656,22044
6657,22046
6658,22050
6659,22057
6660,22059
6661,22062
6662,22064
6663,22069
6664,22071
6665,22072
6666,22073
6667,22074
6668,22078
6669,22081
6670,22082
6671,22083
6672,22084
6673,22087
6674,22088
6675,22094
6676,22095
6677,22099
6678,22102
6679,22107
6680,22108
6681,22109
6682,22118
6683,22121
6684,22124
6685,22134
6686,22140
6687,22141
6688,22148
6689,22154
6690,22157
6691,22158
6692,22164
6693,22167
6694,22170
6695,22171
6696,22173
6697,22175
6698,22177
6699,22181
6700,22183
6701,22190
6702,22191
6703,22195
6704,22197
6705,22201
6706,22205
6707,22206
6708,22207
6709,22214
6710,22215
6711,22216
6712,22223
6713,22230
6714,22231
6715,22239
6716,22242
6717,22255
6718,22258
6719,22261
6720,22266
6721,22270
6722,22279
6723,22281
6724,22285
6725,22287
6726,22292
6727,22295
6728,22297
6729,22299
6730,22302
6731,22305
6732,22313
6733,22314
6734,22320
6735,22322
6736,22323
6737,22330
6738,22335
6739,22341
6740,22344
6741,22345
6742,22346
6743,22351
6744,22354
6745,22355
6746,22361
6747,22362
6748,22366
6749,22369
6750,22373
6751,22375
6752,22379
6753,22385
6754,22387
6755,22390
6756,22394
6757,22398
6758,22399
6759,22403
6760,22408
6761,22410
6762,22411
6763,22412
6764,22418
6765,22421
6766,22432
6767,22433
6768,22441
6769,22445
6770,22448
6771,22450
6772,22451
6773,22452
6774,22453
6775,22457
6776,22458
6777,22459
6778,22465
6779,22468
6780,22471
6781,22482
6782,22485
6783,22487
6784,22489
6785,22492
6786,22495
6787,22497
6788,22500
6789,22501
6790,22504
6791,22505
6792,22508
6793,22512
6794,22513
6795,22518
6796,22519
6797,22521
6798,22523
6799,22524
6800,22527
6801,22528
6802,22535
6803,22537
6804,22540
6805,22542
